date,open,high,low,close,volume,ma5,ma10,rsi,volatility,gold_price,news_sentiment,news_impact_score,stock_trend
2025-04-15 16:25:23.988839,101.21,101.65,98.82,101.69,5164,102.40799999999999,102.107,56.98841698841698,2.8300000000000125,1889.51,NEUTRAL,0.0,DOWN
2025-04-16 16:25:23.988839,100.91,102.61,97.95,101.05,3284,102.21799999999999,101.96399999999998,54.3046357615894,4.659999999999997,1892.56,NEGATIVE,-0.47175066154445466,DOWN
2025-04-17 16:25:23.988839,101.77,103.64,100.5,101.05,7429,101.872,101.733,49.83844911147009,3.1400000000000006,1897.54,POSITIVE,0.9316431968231824,UP
2025-04-18 16:25:23.988839,100.92,102.27,100.8,102.24,3278,101.526,101.715,51.17924528301885,1.4699999999999989,1893.08,NEUTRAL,0.0,DOWN
2025-04-19 16:25:23.988839,102.71,104.3,101.51,102.19,6713,101.644,101.87299999999999,50.552922590837284,2.789999999999992,1892.79,NEGATIVE,-0.5455081392891175,DOWN
2025-04-20 16:25:23.988839,102.67,105.59,99.78,102.13,4964,101.732,102.07,48.576078112286375,5.810000000000002,1890.87,POSITIVE,0.6762716028700976,UP
2025-04-21 16:25:23.988839,102.9,104.31,101.94,103.97,2101,102.316,102.267,52.30188679245283,2.3700000000000045,1890.88,NEUTRAL,0.0,UP
2025-04-22 16:25:23.988839,103.61,105.82,103.5,104.83,3765,103.072,102.47200000000001,59.14958238420651,2.319999999999993,1891.81,POSITIVE,0.15837747412897585,UP
2025-04-23 16:25:23.988839,105.44,105.88,105.36,107.13,1786,104.05,102.78799999999998,73.86530014641285,0.519999999999996,1896.55,NEGATIVE,-0.7194131089634845,UP
2025-04-24 16:25:23.988839,107.85,109.14,106.34,107.92,8367,105.196,103.41999999999999,77.71428571428571,2.799999999999997,1897.97,NEUTRAL,0.0,DOWN
2025-04-25 16:25:23.988839,107.85,108.32,105.73,107.1,1711,106.19000000000001,103.96099999999998,69.64560862865943,2.589999999999989,1899.27,POSITIVE,0.4001883337592903,UP
2025-04-26 16:25:23.988839,106.75,109.49,106.33,108.38,2514,107.072,104.694,70.77151335311568,3.1599999999999966,1903.78,NEGATIVE,-0.46117388887618105,DOWN
2025-04-27 16:25:23.988839,107.39,110.04,106.62,106.01,3348,107.30799999999999,105.18999999999998,56.95770804911324,3.4200000000000017,1903.27,NEUTRAL,0.0,DOWN
2025-04-28 16:25:23.988839,105.44,107.71,105.27,105.11,3508,106.904,105.477,63.30553449583019,2.4399999999999977,1906.25,NEUTRAL,0.0,DOWN
2025-04-29 16:25:23.988839,104.62,104.68,102.97,103.67,5737,106.054,105.625,56.80880330123798,1.710000000000008,1904.78,POSITIVE,0.7891219229360346,DOWN
2025-04-30 16:25:23.988839,104.46,104.77,102.04,102.9,8020,105.21399999999998,105.702,56.305385139741,2.7299999999999898,1907.66,NEUTRAL,0.0,DOWN
2025-05-01 16:25:23.988839,101.94,102.15,100.86,101.18,3733,103.774,105.423,50.39658328248935,1.2900000000000063,1903.19,NEGATIVE,-0.9242642995124631,DOWN
2025-05-02 16:25:23.988839,101.47,102.04,101.17,99.71,4488,102.51399999999998,104.91099999999999,42.41151769646072,0.8700000000000045,1905.86,NEUTRAL,0.0,UP
2025-05-03 16:25:23.988839,99.63,101.99,99.6,100.9,2326,101.672,104.28799999999998,46.37843907916904,2.3900000000000006,1903.39,NEUTRAL,0.0,UP
2025-05-04 16:25:23.988839,101.85,104.08,99.86,101.6,1886,101.25800000000001,103.65599999999999,48.56368563685637,4.219999999999999,1899.99,NEUTRAL,0.0,UP
2025-05-05 16:25:23.988839,101.78,103.67,101.13,103.37,5322,101.352,103.28299999999999,48.36779107725791,2.5400000000000063,1896.89,NEGATIVE,-0.6315250981997338,UP
2025-05-06 16:25:23.988839,104.04,106.76,103.19,103.59,6501,101.83399999999999,102.804,46.505073280721554,3.5700000000000074,1899.01,POSITIVE,0.3681988966008337,DOWN
2025-05-07 16:25:23.988839,103.47,105.56,101.37,101.52,5197,102.196,102.35499999999999,33.98058252427188,4.189999999999998,1894.76,POSITIVE,0.20951192211255162,UP
2025-05-08 16:25:23.988839,101.9,103.32,98.93,101.67,1912,102.35,102.011,31.475992886781313,4.389999999999986,1896.56,POSITIVE,0.6244358468919896,DOWN
2025-05-09 16:25:23.988839,101.03,104.01,100.28,99.78,4686,101.986,101.622,29.598662207357904,3.730000000000004,1894.1,NEUTRAL,0.0,UP
2025-05-10 16:25:23.988839,98.97,99.25,97.72,100.8,2814,101.47200000000001,101.412,28.563348416289628,1.5300000000000011,1897.28,NEGATIVE,-0.6790393307249442,UP
2025-05-11 16:25:23.988839,101.55,103.4,100.85,101.83,6891,101.11999999999999,101.477,37.2093023255814,2.5500000000000114,1899.08,NEGATIVE,-0.19965598436229057,DOWN
2025-05-12 16:25:23.988839,102.38,105.38,101.18,101.58,7125,101.13199999999999,101.664,38.750796685787144,4.199999999999989,1896.08,NEUTRAL,0.0,UP
2025-05-13 16:25:23.988839,100.58,100.81,98.67,101.59,3467,101.11600000000001,101.73299999999999,42.7068723702665,2.1400000000000006,1894.67,NEGATIVE,-0.1171433090136138,DOWN
2025-05-14 16:25:23.988839,102.38,105.14,101.22,100.66,4970,101.292,101.63900000000001,42.23300970873786,3.9200000000000017,1893.72,NEGATIVE,-0.8871870289398223,UP
2025-05-15 16:25:23.988839,100.66,102.12,98.11,101.43,8506,101.41799999999999,101.445,50.92798812175204,4.010000000000005,1896.05,POSITIVE,0.36238085491351324,UP
2025-05-16 16:25:23.988839,102.42,103.39,99.5,103.37,3104,101.726,101.423,63.12769010043042,3.8900000000000006,1900.83,POSITIVE,0.7814754441454829,DOWN
2025-05-17 16:25:23.988839,102.96,105.35,101.15,102.85,2051,101.98,101.55600000000001,57.347400150715835,4.199999999999989,1901.18,NEUTRAL,0.0,UP
2025-05-18 16:25:23.988839,103.29,105.01,100.59,104.0,3356,102.46199999999999,101.789,58.746355685131185,4.420000000000002,1903.34,NEUTRAL,0.0,UP
2025-05-19 16:25:23.988839,104.39,105.4,103.62,106.19,5707,103.56800000000001,102.42999999999999,59.971711456859914,1.7800000000000011,1901.35,POSITIVE,0.46287961466113325,DOWN
2025-05-20 16:25:23.988839,105.34,108.17,103.17,104.15,9301,104.11200000000001,102.76500000000001,51.75438596491228,5.0,1902.86,POSITIVE,0.18290117491995336,DOWN
2025-05-21 16:25:23.988839,103.17,105.53,102.72,102.74,6587,103.98600000000002,102.856,53.986928104575156,2.8100000000000023,1900.4,NEUTRAL,0.0,UP
2025-05-22 16:25:23.988839,102.47,103.46,99.85,102.88,9728,103.992,102.98599999999999,53.956834532374074,3.6099999999999994,1902.09,NEUTRAL,0.0,DOWN
2025-05-23 16:25:23.988839,102.2,103.11,101.66,102.25,4360,103.64200000000001,103.05199999999999,58.802565930149655,1.4500000000000028,1897.55,NEUTRAL,0.0,DOWN
2025-05-24 16:25:23.988839,102.99,103.56,102.33,101.59,8706,102.72200000000001,103.14500000000001,52.88953913679592,1.230000000000004,1899.98,POSITIVE,0.5984172332144364,UP
2025-05-25 16:25:23.988839,102.39,105.01,101.24,102.92,1240,102.476,103.29400000000001,53.901216893342884,3.7700000000000102,1894.98,POSITIVE,0.39536300267057034,UP
2025-05-26 16:25:23.988839,103.46,104.61,102.21,103.2,9814,102.56800000000001,103.277,55.7857142857143,2.4000000000000057,1899.95,NEGATIVE,-0.944956815256106,UP
2025-05-27 16:25:23.988839,103.22,103.34,101.73,104.18,5249,102.828,103.41,58.6506346025384,1.6099999999999994,1901.13,NEUTRAL,0.0,UP
2025-05-28 16:25:23.988839,104.04,105.97,102.57,105.6,1044,103.498,103.57000000000001,65.97671410090555,3.4000000000000057,1904.45,NEUTRAL,0.0,UP
2025-05-29 16:25:23.988839,105.89,107.14,105.81,105.96,4326,104.372,103.547,65.04983388704315,1.3299999999999983,1901.89,POSITIVE,0.5737200956339875,DOWN
2025-05-30 16:25:23.988839,105.09,107.57,103.83,105.75,8337,104.93800000000002,103.707,58.933933933933915,3.739999999999995,1901.13,NEUTRAL,0.0,UP
2025-05-31 16:25:23.988839,105.66,105.82,104.38,107.42,5777,105.782,104.175,65.7912923289565,1.4399999999999977,1896.28,POSITIVE,0.6325760097156711,DOWN
2025-06-01 16:25:23.988839,107.58,108.87,107.12,106.02,3669,106.15,104.489,56.86141304347826,1.75,1891.28,NEUTRAL,0.0,UP
2025-06-02 16:25:23.988839,106.71,109.28,106.66,107.35,2154,106.5,104.999,54.184704184704174,2.6200000000000045,1889.21,NEUTRAL,0.0,UP
2025-06-03 16:25:23.988839,106.47,107.59,106.4,108.09,4363,106.926,105.649,65.68471337579616,1.1899999999999977,1888.86,NEUTRAL,0.0,UP
2025-06-04 16:25:23.988839,108.46,109.58,107.99,108.94,3186,107.56400000000001,106.251,75.83333333333337,1.5900000000000034,1891.48,POSITIVE,0.13582007782243286,DOWN
2025-06-05 16:25:23.988839,109.02,110.22,108.67,108.03,7826,107.68599999999999,106.734,70.16444792482386,1.5499999999999972,1887.69,NEGATIVE,-0.5190888772636598,DOWN
2025-06-06 16:25:23.988839,107.59,110.43,104.73,106.66,3490,107.81400000000001,106.982,66.32124352331607,5.700000000000003,1883.85,POSITIVE,0.2542464109791048,DOWN
2025-06-07 16:25:23.988839,106.04,107.28,104.01,105.53,8553,107.45,106.975,64.09155937052932,3.269999999999996,1886.71,NEUTRAL,0.0,UP
2025-06-08 16:25:23.988839,106.19,108.49,106.11,108.06,2616,107.444,107.18499999999999,66.93017127799737,2.3799999999999955,1885.3,POSITIVE,0.9921226139135465,DOWN
2025-06-09 16:25:23.988839,107.43,109.0,107.03,108.01,1001,107.258,107.41100000000002,66.08695652173915,1.9699999999999989,1882.23,POSITIVE,0.9802053807077202,DOWN
2025-06-10 16:25:23.988839,107.32,110.13,104.4,105.88,3785,106.828,107.25699999999999,55.27950310559004,5.72999999999999,1886.27,NEUTRAL,0.0,UP
2025-06-11 16:25:23.988839,106.56,109.49,103.61,107.43,3667,106.98200000000001,107.398,55.63770794824402,5.8799999999999955,1890.37,NEGATIVE,-0.8014852479254421,DOWN
2025-06-12 16:25:23.988839,107.39,107.53,105.12,107.02,7371,107.28,107.36500000000001,53.25552825552826,2.4099999999999966,1894.65,NEGATIVE,-0.6946092592446128,DOWN
2025-06-13 16:25:23.988839,107.08,109.68,105.92,106.72,2330,107.01199999999999,107.228,52.96273671350029,3.760000000000005,1894.73,POSITIVE,0.8341056100411397,DOWN
2025-06-14 16:25:23.988839,105.86,106.37,104.51,104.27,2908,106.26399999999998,106.761,40.816326530612244,1.8599999999999994,1895.6,NEGATIVE,-0.9792259816583936,UP
2025-06-15 16:25:23.988839,104.37,107.36,102.9,104.41,5917,105.97,106.399,44.933920704845825,4.459999999999994,1897.37,NEUTRAL,0.0,DOWN
2025-06-16 16:25:23.988839,105.17,108.1,103.8,103.27,5634,105.13799999999999,106.05999999999999,37.006369426751625,4.299999999999997,1895.04,POSITIVE,0.921095740661088,UP
2025-06-17 16:25:23.988839,103.96,104.48,103.78,103.67,7089,104.468,105.874,35.611979166666686,0.7000000000000028,1891.62,NEGATIVE,-0.16815601902971677,DOWN
2025-06-18 16:25:23.988839,103.29,105.34,102.38,101.6,1159,103.444,105.228,27.864897466827557,2.960000000000008,1889.99,NEUTRAL,0.0,UP
2025-06-19 16:25:23.988839,102.35,104.29,99.83,102.78,4396,103.146,104.705,34.42136498516325,4.460000000000008,1892.2,POSITIVE,0.29749543946650503,UP
2025-06-20 16:25:23.988839,103.25,104.76,102.22,104.12,6678,103.08800000000001,104.529,42.44946492271111,2.5400000000000063,1890.46,POSITIVE,0.9527106785455481,DOWN
2025-06-21 16:25:23.988839,104.71,106.1,104.1,103.36,1339,103.106,104.122,43.40425531914896,2.0,1887.02,NEUTRAL,0.0,UP
2025-06-22 16:25:23.988839,103.69,106.36,102.84,104.99,7641,103.37,103.91900000000001,40.12861736334406,3.519999999999996,1888.9,POSITIVE,0.6299101568913208,UP
2025-06-23 16:25:23.988839,105.38,106.91,104.28,105.59,4233,104.168,103.806,42.484472049689465,2.6299999999999955,1888.98,POSITIVE,0.5682502350473052,UP
2025-06-24 16:25:23.988839,106.27,108.86,103.46,105.68,2709,104.748,103.947,49.28876244665722,5.400000000000006,1886.25,NEUTRAL,0.0,DOWN
2025-06-25 16:25:23.988839,104.74,105.81,102.04,105.06,1457,104.936,104.01199999999999,40.974866717440996,3.769999999999996,1885.67,POSITIVE,0.2239592929607479,DOWN
2025-06-26 16:25:23.988839,105.94,107.93,105.74,104.02,7181,105.06800000000001,104.08699999999999,39.09883720930236,2.190000000000012,1888.48,NEUTRAL,0.0,DOWN
2025-06-27 16:25:23.988839,103.54,105.66,101.55,101.62,3923,104.394,103.88199999999999,33.92181588902906,4.109999999999999,1884.23,NEUTRAL,0.0,DOWN
2025-06-28 16:25:23.988839,101.77,102.95,99.7,101.25,9181,103.526,103.84700000000001,39.04208998548626,3.25,1880.11,NEUTRAL,0.0,UP
2025-06-29 16:25:23.988839,100.5,101.2,97.98,102.33,1924,102.856,103.80199999999999,42.934782608695684,3.219999999999999,1876.97,POSITIVE,0.8937579776587881,UP
2025-06-30 16:25:23.988839,102.66,102.69,100.26,103.67,3895,102.578,103.75699999999999,51.34048257372657,2.4299999999999926,1877.82,POSITIVE,0.46212274216277405,UP
2025-07-01 16:25:23.988839,103.63,105.94,102.98,104.01,7359,102.576,103.822,51.14401076716017,2.9599999999999937,1879.73,NEUTRAL,0.0,DOWN
2025-07-02 16:25:23.988839,103.67,106.48,101.36,101.9,8517,102.63199999999999,103.513,51.00671140939601,5.1200000000000045,1875.28,NEGATIVE,-0.8359931349852863,UP
2025-07-03 16:25:23.988839,101.4,101.8,99.01,102.18,5513,102.81800000000001,103.172,47.85714285714288,2.789999999999992,1877.74,NEUTRAL,0.0,UP
2025-07-04 16:25:23.988839,103.16,103.41,102.9,104.98,5692,103.348,103.102,52.78137128072445,0.5099999999999909,1872.98,NEUTRAL,0.0,UP
2025-07-05 16:25:23.988839,105.51,106.3,104.78,105.12,3317,103.638,103.10799999999999,55.92991913746632,1.519999999999996,1873.96,NEUTRAL,0.0,DOWN
2025-07-06 16:25:23.988839,104.61,107.41,103.1,103.95,1741,103.626,103.101,46.38386648122396,4.310000000000002,1878.04,NEUTRAL,0.0,DOWN
2025-07-07 16:25:23.988839,103.34,105.85,102.19,103.7,3171,103.98600000000002,103.309,43.26443335709195,3.6599999999999966,1878.51,NEUTRAL,0.0,DOWN
2025-07-08 16:25:23.988839,104.34,104.5,102.4,103.65,4726,104.28,103.549,42.74481772694782,2.0999999999999943,1878.12,NEUTRAL,0.0,UP
2025-07-09 16:25:23.988839,103.35,103.94,101.3,103.81,6023,104.046,103.697,45.380635624538066,2.6400000000000006,1877.86,NEGATIVE,-0.44566758912543336,UP
2025-07-10 16:25:23.988839,104.05,105.83,102.97,105.97,8334,104.21600000000001,103.92699999999999,56.65529010238909,2.8599999999999994,1880.4,NEUTRAL,0.0,DOWN
2025-07-11 16:25:23.988839,106.03,107.12,105.05,105.08,8883,104.44200000000001,104.03400000000002,63.16590563165903,2.0700000000000074,1884.45,NEUTRAL,0.0,UP
2025-07-12 16:25:23.988839,105.06,105.79,103.91,106.75,3723,105.05199999999999,104.519,69.0443213296399,1.8800000000000097,1886.36,POSITIVE,0.4547855983747572,UP
2025-07-13 16:25:23.988839,107.23,108.32,105.44,107.82,1381,105.88600000000001,105.083,69.02286902286902,2.8799999999999955,1890.22,POSITIVE,0.21655941758903846,UP
2025-07-14 16:25:23.988839,108.11,108.71,107.69,108.55,6235,106.83399999999999,105.43999999999998,67.65557163531113,1.019999999999996,1889.71,POSITIVE,0.5774846718957778,DOWN
2025-07-15 16:25:23.988839,108.17,108.97,105.97,108.25,9598,107.28999999999999,105.753,65.38461538461539,3.0,1888.28,POSITIVE,0.8035745591219333,UP
2025-07-16 16:25:23.988839,107.77,108.45,106.03,108.8,1785,108.03399999999999,106.23800000000001,78.23240589198036,2.4200000000000017,1890.69,POSITIVE,0.3079490411840271,DOWN
2025-07-17 16:25:23.988839,109.31,109.77,107.93,107.99,7835,108.282,106.667,72.78431372549018,1.8399999999999892,1892.65,NEGATIVE,-0.44603718011621174,UP
2025-07-18 16:25:23.988839,108.4,110.34,105.98,108.38,7627,108.394,107.14000000000001,66.4410058027079,4.359999999999999,1888.69,NEGATIVE,-0.9729936281921305,DOWN
2025-07-19 16:25:23.988839,107.99,109.7,105.8,107.55,1989,108.194,107.51399999999998,61.01541251133271,3.9000000000000057,1891.1,NEGATIVE,-0.5047569901931293,UP
2025-07-20 16:25:23.988839,107.01,107.67,105.68,108.13,2019,108.16999999999999,107.72999999999999,70.0191570881226,1.9899999999999949,1893.31,NEUTRAL,0.0,UP
2025-07-21 16:25:23.988839,109.12,111.04,108.96,108.64,2452,108.138,108.08599999999998,73.08411214953273,2.0800000000000125,1894.23,POSITIVE,0.33338563250338255,DOWN
2025-07-22 16:25:23.988839,108.09,110.67,107.09,108.46,8605,108.232,108.25699999999999,72.20683287165276,3.5799999999999983,1892.15,POSITIVE,0.5614938956447827,DOWN
2025-07-23 16:25:23.988839,108.12,109.54,105.59,106.29,8933,107.81400000000001,108.104,59.65732087227417,3.950000000000003,1893.49,NEGATIVE,-0.288261449439436,DOWN
2025-07-24 16:25:23.988839,105.37,107.6,103.07,105.1,8932,107.324,107.75899999999999,46.335299073293996,4.530000000000001,1891.26,POSITIVE,0.5697229905267222,UP
2025-07-25 16:25:23.988839,104.35,107.15,101.73,106.14,7853,106.926,107.548,54.40931780366057,5.420000000000002,1892.39,POSITIVE,0.6854022244689021,UP
2025-07-26 16:25:23.988839,106.66,107.33,106.45,106.38,1003,106.474,107.306,48.2530689329556,0.8799999999999955,1895.01,NEUTRAL,0.0,DOWN
2025-07-27 16:25:23.988839,106.61,106.83,105.51,105.71,6368,105.924,107.078,39.646712463199236,1.3199999999999932,1893.52,NEUTRAL,0.0,UP
2025-07-28 16:25:23.988839,106.24,106.6,104.84,105.94,3712,105.854,106.83399999999999,36.532507739938104,1.759999999999991,1892.73,NEUTRAL,0.0,UP
2025-07-29 16:25:23.988839,106.69,109.35,105.52,107.56,9727,106.346,106.83500000000001,46.86648501362399,3.8299999999999983,1897.45,NEGATIVE,-0.22089816645548466,DOWN
2025-07-30 16:25:23.988839,107.6,109.0,106.21,107.13,4496,106.54400000000001,106.73499999999999,42.3324150596878,2.7900000000000063,1897.68,POSITIVE,0.4208631262640311,DOWN
2025-07-31 16:25:23.988839,106.15,107.3,105.12,104.53,6269,106.174,106.324,36.35646687697165,2.1799999999999926,1900.41,NEUTRAL,0.0,DOWN
2025-08-01 16:25:23.988839,105.1,107.1,102.48,103.62,7778,105.756,105.84,31.96969696969704,4.61999999999999,1898.22,NEGATIVE,-0.18211329007290777,DOWN
2025-08-02 16:25:23.988839,102.85,104.29,101.37,100.92,3857,104.752,105.303,28.00265428002659,2.9200000000000017,1901.38,POSITIVE,0.36238594661585033,DOWN
2025-08-03 16:25:23.988839,100.8,103.55,100.72,99.03,2928,103.046,104.696,22.222222222222285,2.8299999999999983,1897.11,NEGATIVE,-0.4072651023748851,DOWN
2025-08-04 16:25:23.988839,98.41,99.23,98.31,97.3,9565,101.08000000000001,103.81199999999998,17.78409090909095,0.9200000000000017,1893.62,NEGATIVE,-0.9456850355025532,UP
2025-08-05 16:25:23.988839,97.98,98.04,97.93,99.74,1407,100.122,103.148,28.04632426988924,0.10999999999999943,1888.81,NEGATIVE,-0.1731411363834522,UP
2025-08-06 16:25:23.988839,99.95,102.72,98.5,100.57,4692,99.51199999999999,102.63399999999999,34.5572354211663,4.219999999999999,1889.81,NEUTRAL,0.0,UP
2025-08-07 16:25:23.988839,100.8,102.94,99.25,100.58,3161,99.444,102.09799999999998,36.96655132641295,3.6899999999999977,1886.31,NEGATIVE,-0.2910438956205641,DOWN
2025-08-08 16:25:23.988839,100.26,103.17,98.95,100.21,9371,99.67999999999999,101.363,32.21355728854229,4.219999999999999,1886.39,POSITIVE,0.7019308026691163,UP
2025-08-09 16:25:23.988839,100.83,102.46,98.19,101.15,8247,100.45,100.765,34.94530800230288,4.269999999999996,1888.54,NEUTRAL,0.0,DOWN
2025-08-10 16:25:23.988839,101.17,103.88,100.68,99.27,1159,100.356,100.239,32.66953713670618,3.1999999999999886,1891.74,POSITIVE,0.8247558828975468,UP
2025-08-11 16:25:23.988839,98.95,99.51,98.21,100.06,7949,100.254,99.88300000000001,34.639498432601926,1.3000000000000114,1890.64,POSITIVE,0.18598389364076845,UP
2025-08-12 16:25:23.988839,100.63,101.52,100.14,101.74,6046,100.48599999999999,99.965,34.843750000000014,1.3799999999999955,1887.71,NEUTRAL,0.0,DOWN
2025-08-13 16:25:23.988839,101.21,101.22,99.09,100.39,1478,100.522,100.101,33.25049701789267,2.1299999999999955,1892.31,NEUTRAL,0.0,DOWN
2025-08-14 16:25:23.988839,99.74,99.8,99.19,99.22,9188,100.136,100.293,35.794542536115586,0.6099999999999994,1893.37,POSITIVE,0.19781454879222476,DOWN
2025-08-15 16:25:23.988839,99.38,99.81,97.75,97.89,8393,99.85999999999999,100.108,35.00784929356358,2.0600000000000023,1890.75,NEUTRAL,0.0,UP
2025-08-16 16:25:23.988839,98.11,100.71,97.52,99.04,2140,99.65599999999999,99.955,44.6469248291572,3.1899999999999977,1885.77,NEGATIVE,-0.4620617620639199,UP
2025-08-17 16:25:23.988839,98.49,99.36,98.0,99.61,1977,99.22999999999999,99.858,51.785714285714285,1.3599999999999994,1881.58,POSITIVE,0.5917855175128907,UP
2025-08-18 16:25:23.988839,100.59,101.19,99.5,100.21,9403,99.19399999999999,99.858,59.62938451356715,1.6899999999999977,1881.07,POSITIVE,0.4954186341423512,DOWN
2025-08-19 16:25:23.988839,100.11,102.5,98.44,99.8,8970,99.31,99.723,50.229357798165154,4.060000000000002,1877.58,NEGATIVE,-0.14232906023432276,UP
2025-08-20 16:25:23.988839,100.47,102.2,99.44,101.17,9223,99.966,99.913,52.20264317180619,2.760000000000005,1872.65,NEGATIVE,-0.7127605334210453,UP
2025-08-21 16:25:23.988839,101.18,102.48,100.07,101.86,3129,100.53,100.09299999999999,54.47552447552447,2.410000000000011,1870.85,POSITIVE,0.21865739692975406,UP
2025-08-22 16:25:23.988839,101.66,104.23,101.36,102.06,3576,101.02000000000001,100.125,56.546355272469945,2.8700000000000045,1867.27,NEGATIVE,-0.7367395398243408,UP
2025-08-23 16:25:23.988839,101.31,101.61,100.56,103.23,9802,101.624,100.409,57.24233983286908,1.0499999999999972,1870.33,NEUTRAL,0.0,UP
2025-08-24 16:25:23.988839,104.0,105.89,103.76,104.57,9748,102.578,100.94399999999999,69.17510853835023,2.1299999999999955,1871.37,NEUTRAL,0.0,DOWN
2025-08-25 16:25:23.988839,105.44,105.82,105.3,104.39,4859,103.22200000000001,101.594,66.38909916729754,0.519999999999996,1873.55,NEGATIVE,-0.16542248403382948,UP
2025-08-26 16:25:23.988839,104.56,106.34,101.89,105.01,6009,103.852,102.191,63.456790123456855,4.450000000000003,1869.44,NEGATIVE,-0.48342060145104904,UP
2025-08-27 16:25:23.988839,105.93,106.75,103.03,106.09,5108,104.65800000000002,102.83900000000001,73.98989898989905,3.719999999999999,1870.77,NEUTRAL,0.0,DOWN
2025-08-28 16:25:23.988839,106.09,107.38,105.31,104.88,3491,104.98800000000001,103.306,73.74161073825505,2.069999999999993,1870.38,POSITIVE,0.977363290045731,UP
2025-08-29 16:25:23.988839,104.33,104.59,101.79,106.17,1022,105.30799999999999,103.94300000000001,84.84848484848487,2.799999999999997,1870.82,NEUTRAL,0.0,UP
2025-08-30 16:25:23.988839,106.5,108.77,104.48,107.93,3209,106.016,104.619,85.58847077662132,4.289999999999992,1866.91,POSITIVE,0.5053399386749836,UP
2025-08-31 16:25:23.988839,108.35,108.42,106.76,108.98,7257,106.80999999999999,105.33099999999999,86.12181958365461,1.6599999999999966,1862.12,NEUTRAL,0.0,UP
2025-09-01 16:25:23.988839,109.72,111.31,108.15,110.1,2506,107.61200000000001,106.13499999999999,86.65678280207563,3.1599999999999966,1863.4,POSITIVE,0.18831796969414832,UP
2025-09-02 16:25:23.988839,110.75,113.71,108.71,112.69,1419,109.174,107.08099999999999,91.12954690491384,5.0,1861.08,POSITIVE,0.9965981841534461,UP
2025-09-03 16:25:23.988839,112.58,115.18,111.9,114.23,9256,110.78600000000002,108.047,91.22474747474747,3.280000000000001,1865.4,NEUTRAL,0.0,UP
2025-09-04 16:25:23.988839,114.95,117.57,113.51,114.85,2953,112.17,109.093,91.1857958148383,4.059999999999988,1862.01,POSITIVE,0.12003115249840784,DOWN
2025-09-05 16:25:23.988839,113.96,116.01,113.6,114.39,9510,113.252,110.03099999999999,88.45913911416098,2.410000000000011,1858.13,NEUTRAL,0.0,DOWN
2025-09-06 16:25:23.988839,114.93,115.82,112.64,113.68,8539,113.968,110.79,83.55812459858709,3.1799999999999926,1863.1,NEGATIVE,-0.948336087916344,UP
2025-09-07 16:25:23.988839,113.1,113.85,111.16,114.33,9415,114.296,111.73499999999999,82.79569892473124,2.6899999999999977,1866.53,NEGATIVE,-0.49888918918125735,DOWN
2025-09-08 16:25:23.988839,113.94,115.57,113.82,112.0,9893,113.85,112.31799999999998,72.34292425132122,1.75,1867.49,NEUTRAL,0.0,DOWN
2025-09-09 16:25:23.988839,111.94,113.02,111.84,110.01,9844,112.88199999999999,112.526,63.58695652173915,1.1799999999999926,1870.95,NEUTRAL,0.0,UP
2025-09-10 16:25:23.988839,109.23,110.57,107.74,110.23,5003,112.05,112.651,61.801596351197276,2.8299999999999983,1871.73,NEGATIVE,-0.4980919176121189,UP
2025-09-11 16:25:23.988839,110.95,111.48,110.35,111.4,8594,111.59400000000001,112.78099999999999,68.62857142857149,1.1300000000000097,1873.85,NEGATIVE,-0.607422516039808,DOWN
2025-09-12 16:25:23.988839,111.26,112.97,109.4,110.12,2648,110.752,112.524,61.29216695254434,3.569999999999993,1875.8,NEGATIVE,-0.32621735844402333,DOWN
2025-09-13 16:25:23.988839,109.79,111.75,106.84,108.95,6662,110.14200000000001,111.99600000000001,53.017751479289934,4.909999999999997,1877.06,NEGATIVE,-0.15217548376973855,UP
2025-09-14 16:25:23.988839,108.26,109.85,106.47,109.91,1929,110.122,111.502,52.766210588935145,3.3799999999999955,1879.97,POSITIVE,0.12971426891939708,UP
2025-09-15 16:25:23.988839,110.8,113.56,108.4,110.78,9867,110.232,111.141,52.05314009661838,5.159999999999997,1879.73,NEGATIVE,-0.5787488970506919,DOWN
2025-09-16 16:25:23.988839,110.81,113.8,110.12,110.48,6608,110.048,110.821,42.25648213034338,3.6799999999999926,1881.1,NEGATIVE,-0.9407647747789274,UP
2025-09-17 16:25:23.988839,110.67,112.24,108.77,111.09,9312,110.242,110.497,38.2308845577211,3.469999999999999,1885.03,NEUTRAL,0.0,DOWN
2025-09-18 16:25:23.988839,111.88,113.34,111.06,110.71,8779,110.59400000000001,110.36800000000001,34.198473282442734,2.280000000000001,1884.28,NEGATIVE,-0.5644006433163398,UP
2025-09-19 16:25:23.988839,111.52,111.98,108.97,111.73,2325,110.958,110.54,40.263543191800885,3.010000000000005,1884.39,POSITIVE,0.18287025097405069,DOWN
2025-09-20 16:25:23.988839,110.76,113.72,108.8,110.85,3650,110.97200000000001,110.602,39.768618944323904,4.920000000000002,1888.9,NEUTRAL,0.0,UP
2025-09-21 16:25:23.988839,111.43,111.96,109.31,112.68,6745,111.41199999999999,110.72999999999999,44.50366422385081,2.6499999999999915,1884.37,NEGATIVE,-0.8216189233185531,UP
2025-09-22 16:25:23.988839,113.05,115.31,111.52,114.05,9600,112.00399999999999,111.123,57.295373665480405,3.7900000000000063,1883.92,NEUTRAL,0.0,DOWN
2025-09-23 16:25:23.988839,114.68,117.49,112.58,113.49,5187,112.55999999999999,111.577,63.78763866877964,4.909999999999997,1882.99,POSITIVE,0.15338336137200265,UP
2025-09-24 16:25:23.988839,112.78,114.18,112.38,114.75,2230,113.16399999999999,112.061,66.54465592972176,1.8000000000000114,1887.79,NEGATIVE,-0.5327456811306823,DOWN
2025-09-25 16:25:23.988839,114.42,116.52,114.27,112.61,9318,113.51599999999999,112.244,54.13533834586463,2.25,1882.87,POSITIVE,0.8023967633088148,DOWN
2025-09-26 16:25:23.988839,111.76,114.28,111.21,111.94,1410,113.36800000000001,112.39000000000001,56.49072753209697,3.0700000000000074,1887.36,POSITIVE,0.8467808038570381,DOWN
2025-09-27 16:25:23.988839,111.63,114.2,109.34,110.22,9209,112.602,112.303,54.35827041866847,4.859999999999999,1885.9,NEUTRAL,0.0,DOWN
2025-09-28 16:25:23.988839,110.94,113.67,109.61,110.03,5150,111.91,112.23499999999999,50.43478260869566,4.060000000000002,1881.33,NEUTRAL,0.0,DOWN
2025-09-29 16:25:23.988839,109.36,110.16,106.44,109.4,4402,110.84,112.002,44.91150442477879,3.719999999999999,1881.45,NEGATIVE,-0.15591556134070653,DOWN
2025-09-30 16:25:23.988839,108.97,109.59,107.79,108.31,8029,109.97999999999999,111.748,42.43902439024391,1.7999999999999972,1881.86,NEUTRAL,0.0,DOWN
2025-10-01 16:25:23.988839,108.73,110.58,108.67,108.21,8352,109.234,111.301,39.59537572254335,1.9099999999999966,1881.32,POSITIVE,0.2640032477827884,UP
2025-10-02 16:25:23.988839,107.88,110.82,107.42,109.26,2586,109.042,110.822,45.00344589937979,3.3999999999999915,1876.61,NEGATIVE,-0.976583628473866,UP
2025-10-03 16:25:23.988839,110.01,111.55,109.67,109.71,4939,108.978,110.444,42.754662840746036,1.8799999999999955,1874.0,NEGATIVE,-0.763719490288189,UP
2025-10-04 16:25:23.988839,109.14,111.23,108.36,109.77,8755,109.05199999999999,109.946,45.88414634146342,2.8700000000000045,1872.32,NEGATIVE,-0.6557950148513061,UP
2025-10-05 16:25:23.988839,110.16,110.19,107.78,111.13,2373,109.61600000000001,109.798,43.87351778656122,2.4099999999999966,1869.76,NEGATIVE,-0.7389525075570431,UP
2025-10-06 16:25:23.988839,111.96,112.96,111.3,111.7,3462,110.314,109.774,40.08438818565405,1.6599999999999966,1871.02,NEGATIVE,-0.6145814084379542,DOWN
2025-10-07 16:25:23.988839,111.11,112.54,108.76,109.39,5088,110.33999999999999,109.691,34.92647058823533,3.780000000000001,1875.85,NEGATIVE,-0.39712424223055043,DOWN
2025-10-08 16:25:23.988839,108.57,108.89,107.03,108.67,2835,110.13199999999999,109.55499999999999,26.722817764165427,1.8599999999999994,1880.24,NEUTRAL,0.0,DOWN
2025-10-09 16:25:23.988839,108.08,108.72,106.29,108.39,4041,109.856,109.454,31.16071428571432,2.4299999999999926,1883.08,POSITIVE,0.5824601121443165,DOWN
2025-10-10 16:25:23.988839,109.16,111.22,106.95,107.33,3755,109.096,109.356,30.1121656600518,4.269999999999996,1881.66,NEGATIVE,-0.37224841943013476,DOWN
2025-10-11 16:25:23.988839,106.97,108.22,104.4,106.4,3206,108.03599999999999,109.175,32.314814814814866,3.819999999999993,1877.86,NEGATIVE,-0.41618426317493995,DOWN
2025-10-12 16:25:23.988839,106.05,107.24,103.72,105.93,6225,107.34400000000001,108.84200000000001,31.498194945848425,3.519999999999996,1874.08,NEUTRAL,0.0,DOWN
2025-10-13 16:25:23.988839,105.15,107.15,103.0,105.86,2013,106.78200000000001,108.457,33.174904942965796,4.150000000000006,1874.95,NEGATIVE,-0.901166819269581,DOWN
2025-10-14 16:25:23.988839,106.37,107.24,105.65,105.45,5291,106.194,108.025,35.46747967479678,1.5899999999999892,1873.62,POSITIVE,0.5108025002995826,UP
2025-10-15 16:25:23.988839,106.39,107.74,105.78,107.61,9762,106.25,107.673,47.47899159663868,1.9599999999999937,1874.74,NEUTRAL,0.0,UP
2025-10-16 16:25:23.988839,107.58,109.9,106.84,108.79,5871,106.72800000000002,107.38200000000002,48.04655029093932,3.0600000000000023,1879.58,NEGATIVE,-0.3999355409713645,DOWN
2025-10-17 16:25:23.988839,107.92,108.66,107.71,107.16,9553,106.974,107.15900000000002,40.34822104466316,0.9500000000000028,1882.78,NEUTRAL,0.0,UP
2025-10-18 16:25:23.988839,107.02,109.94,104.24,107.31,9686,107.26400000000001,107.023,40.75187969924816,5.700000000000003,1882.5,POSITIVE,0.539389782202143,UP
2025-10-19 16:25:23.988839,108.28,110.74,107.72,108.41,7802,107.856,107.025,39.57055214723929,3.019999999999996,1878.54,POSITIVE,0.8215687032245466,UP
2025-10-20 16:25:23.988839,108.69,110.37,108.59,110.55,6239,108.444,107.34700000000001,46.06433949349759,1.7800000000000011,1882.05,NEGATIVE,-0.3464955528637156,DOWN
2025-10-21 16:25:23.988839,110.58,113.53,108.0,108.93,5001,108.47200000000001,107.6,48.34770114942531,5.530000000000001,1882.3,NEUTRAL,0.0,UP
2025-10-22 16:25:23.988839,109.33,112.09,108.22,109.14,4452,108.86800000000001,107.921,51.752423564504106,3.8700000000000045,1880.57,POSITIVE,0.4795615233128908,UP
2025-10-23 16:25:23.988839,109.83,112.18,107.49,110.81,1605,109.56799999999998,108.41600000000001,58.175675675675684,4.690000000000012,1879.56,POSITIVE,0.665688856409193,DOWN
2025-10-24 16:25:23.988839,109.9,110.94,107.67,110.72,8214,110.03,108.94300000000001,62.25596529284165,3.269999999999996,1881.14,NEUTRAL,0.0,DOWN
2025-10-25 16:25:23.988839,110.64,111.14,110.49,109.48,3053,109.816,109.13,60.89108910891088,0.6500000000000057,1882.91,POSITIVE,0.31852056603987733,DOWN
2025-10-26 16:25:23.988839,108.82,110.09,106.58,109.28,9832,109.886,109.179,62.07642393655369,3.510000000000005,1883.8,NEUTRAL,0.0,UP
2025-10-27 16:25:23.988839,109.93,112.0,109.74,111.57,3942,110.372,109.62,67.74394033561217,2.260000000000005,1886.13,POSITIVE,0.8446170085202261,DOWN
2025-10-28 16:25:23.988839,111.32,111.53,108.71,110.73,1406,110.356,109.96199999999999,65.9806295399516,2.8200000000000074,1881.63,NEUTRAL,0.0,DOWN
2025-10-29 16:25:23.988839,110.66,111.5,108.22,109.84,1425,110.17999999999999,110.10499999999999,57.311475409836085,3.280000000000001,1878.33,NEUTRAL,0.0,UP
2025-10-30 16:25:23.988839,110.3,110.44,109.1,110.64,2514,110.412,110.114,56.2205783456624,1.3400000000000034,1880.4,POSITIVE,0.9177020728070232,UP
2025-10-31 16:25:23.988839,111.53,114.08,110.22,112.37,8098,111.03,110.458,67.40146960587848,3.8599999999999994,1881.31,NEUTRAL,0.0,DOWN
2025-11-01 16:25:23.988839,113.16,113.46,112.37,112.24,8705,111.16399999999999,110.768,66.48829431438128,1.0899999999999892,1877.28,NEGATIVE,-0.10435071576222821,UP
2025-11-02 16:25:23.988839,113.08,114.52,110.81,114.78,7181,111.974,111.165,69.43258084197684,3.7099999999999937,1872.73,NEUTRAL,0.0,DOWN
2025-11-03 16:25:23.988839,114.37,115.09,113.98,113.59,8698,112.724,111.452,59.844559585492256,1.1099999999999994,1874.52,POSITIVE,0.2363968836626791,UP
2025-11-04 16:25:23.988839,114.06,116.46,113.94,114.65,1164,113.526,111.96900000000001,69.22043010752688,2.519999999999996,1873.45,NEUTRAL,0.0,UP
2025-11-05 16:25:23.988839,114.15,115.1,111.2,116.11,4978,114.274,112.652,71.60570365778054,3.8999999999999915,1878.21,NEUTRAL,0.0,DOWN
2025-11-06 16:25:23.988839,116.53,116.59,113.94,114.78,2641,114.782,112.973,62.57124762507917,2.6500000000000057,1881.28,NEGATIVE,-0.8423334645676072,DOWN
2025-11-07 16:25:23.988839,115.6,118.56,114.37,114.67,3123,114.76000000000002,113.367,62.492093611638225,4.189999999999998,1876.49,NEUTRAL,0.0,DOWN
2025-11-08 16:25:23.988839,114.38,115.67,112.4,113.72,1673,114.78600000000002,113.75500000000002,63.65979381443298,3.269999999999996,1877.26,NEGATIVE,-0.5244931893726255,UP
2025-11-09 16:25:23.988839,113.14,115.63,111.8,114.44,4017,114.744,114.13499999999999,66.08478802992519,3.8299999999999983,1878.55,POSITIVE,0.8150326918549768,DOWN
2025-11-10 16:25:23.988839,114.76,116.68,113.91,114.28,3927,114.378,114.326,59.74119338605323,2.7700000000000102,1882.82,POSITIVE,0.8085492902085979,UP
2025-11-11 16:25:23.988839,114.59,115.46,113.46,114.72,3624,114.36599999999999,114.574,64.76683937823832,2.0,1877.89,NEUTRAL,0.0,UP
2025-11-12 16:25:23.988839,115.57,116.89,114.26,117.38,3727,114.90799999999999,114.83400000000002,74.67277486910993,2.6299999999999955,1873.8,NEUTRAL,0.0,DOWN
2025-11-13 16:25:23.988839,117.77,118.66,117.58,116.74,7446,115.51199999999999,115.149,70.17195767195764,1.0799999999999983,1878.65,POSITIVE,0.3767410790851268,UP
2025-11-14 16:25:23.988839,116.42,119.18,114.48,118.13,7046,116.25,115.497,69.48579161028414,4.700000000000003,1881.99,NEGATIVE,-0.4134481711439706,DOWN
2025-11-15 16:25:23.988839,118.06,119.72,115.55,118.02,1912,116.998,115.68799999999999,69.57994579945802,4.170000000000002,1880.84,NEUTRAL,0.0,DOWN
2025-11-16 16:25:23.988839,118.69,121.3,118.24,117.18,7448,117.49000000000001,115.928,59.18836140888212,3.0600000000000023,1877.48,POSITIVE,0.6519911302348899,UP
2025-11-17 16:25:23.988839,117.06,119.98,116.17,117.68,8128,117.55,116.229,66.53193209377531,3.8100000000000023,1881.42,POSITIVE,0.41314804001568417,UP
2025-11-18 16:25:23.988839,117.54,117.6,114.68,119.01,5438,118.00399999999999,116.75800000000001,67.24683544303801,2.9199999999999875,1882.35,NEGATIVE,-0.8590647028613864,UP
2025-11-19 16:25:23.988839,119.55,121.26,117.92,120.62,5075,118.502,117.376,67.63096168881944,3.3400000000000034,1880.44,POSITIVE,0.187135904308265,DOWN
2025-11-20 16:25:23.988839,120.31,122.57,117.64,119.72,1988,118.84200000000001,117.92,69.98381877022655,4.929999999999993,1885.15,NEGATIVE,-0.12226162152357206,DOWN
2025-11-21 16:25:23.988839,119.62,120.86,118.26,119.67,5067,119.34,118.415,70.32520325203254,2.5999999999999943,1882.86,NEGATIVE,-0.7520222347846273,UP
2025-11-22 16:25:23.988839,120.66,121.52,119.74,120.45,6245,119.894,118.72200000000001,77.74113767518554,1.7800000000000011,1883.69,POSITIVE,0.4605422668214133,UP
2025-11-23 16:25:23.988839,120.12,121.0,118.72,120.83,8152,120.258,119.131,77.09923664122142,2.280000000000001,1882.28,NEGATIVE,-0.9924214530115961,DOWN
2025-11-24 16:25:23.988839,120.66,121.06,119.37,118.85,6547,119.904,119.203,66.78912564290962,1.6899999999999977,1886.79,NEGATIVE,-0.6722942971822758,UP
2025-11-25 16:25:23.988839,118.7,118.89,117.27,120.0,2344,119.96,119.401,68.43575418994415,1.6200000000000045,1887.17,NEUTRAL,0.0,DOWN
2025-11-26 16:25:23.988839,120.4,121.04,119.22,118.41,4006,119.708,119.524,53.88679245283019,1.8200000000000074,1884.03,POSITIVE,0.5309583075928079,DOWN
2025-11-27 16:25:23.988839,118.33,120.81,117.12,117.75,3960,119.16799999999998,119.53099999999999,53.80557648831954,3.6899999999999977,1888.3,POSITIVE,0.5403793225261192,UP
2025-11-28 16:25:23.988839,118.28,119.63,117.7,118.18,3374,118.638,119.44800000000001,50.20308692120232,1.9299999999999926,1891.35,NEUTRAL,0.0,UP
2025-11-29 16:25:23.988839,117.2,119.09,115.52,118.61,2861,118.58999999999999,119.247,52.33570863024546,3.5700000000000074,1887.83,NEUTRAL,0.0,DOWN
2025-11-30 16:25:23.988839,119.15,120.9,117.83,117.72,3978,118.13399999999999,119.047,52.12933753943214,3.0700000000000074,1891.39,POSITIVE,0.3191518149835928,DOWN
2025-12-01 16:25:23.988839,117.76,118.48,115.53,116.94,6909,117.84,118.774,47.14506172839503,2.950000000000003,1889.13,POSITIVE,0.13348896350477762,UP
2025-12-02 16:25:23.988839,117.22,117.37,114.47,119.19,7531,118.128,118.648,50.64841498559076,2.9000000000000057,1885.05,POSITIVE,0.8199338665695963,DOWN
2025-12-03 16:25:23.988839,118.6,120.89,117.57,118.28,1951,118.148,118.393,41.12291350531107,3.3200000000000074,1887.29,POSITIVE,0.40962246788206536,UP
2025-12-04 16:25:23.988839,117.77,119.49,116.4,119.1,5165,118.24600000000001,118.418,47.633587786259525,3.089999999999989,1883.44,POSITIVE,0.8155053834681466,DOWN
2025-12-05 16:25:23.988839,118.93,119.73,116.76,118.74,1558,118.45,118.292,46.53243847874718,2.969999999999999,1884.86,POSITIVE,0.8351231906185568,UP
2025-12-06 16:25:23.988839,118.95,119.39,116.09,120.05,1702,119.072,118.45599999999999,48.56527977044474,3.299999999999997,1887.31,NEGATIVE,-0.45273579107739503,DOWN
2025-12-07 16:25:23.988839,119.99,122.85,119.58,119.13,3137,119.05999999999999,118.59400000000001,44.12983425414364,3.269999999999996,1886.71,NEUTRAL,0.0,DOWN
2025-12-08 16:25:23.988839,118.95,119.76,116.17,118.67,1513,119.13799999999999,118.64299999999999,49.305555555555586,3.5900000000000034,1882.74,NEUTRAL,0.0,UP
2025-12-09 16:25:23.988839,117.87,117.88,116.75,118.88,9148,119.09400000000001,118.67,45.341098169717114,1.1299999999999955,1881.68,NEGATIVE,-0.5868244996869465,UP
2025-12-10 16:25:23.988839,119.63,122.01,117.63,120.11,8883,119.36800000000001,118.90899999999999,57.289879931389386,4.38000000000001,1879.86,NEGATIVE,-0.18549496522427325,DOWN
2025-12-11 16:25:23.988839,119.26,122.08,116.89,117.96,6528,118.95,119.011,50.79847908745245,5.189999999999998,1875.3,NEGATIVE,-0.27206313016207445,DOWN
2025-12-12 16:25:23.988839,117.6,117.7,115.32,117.42,9816,118.60799999999999,118.83399999999999,47.134238310708874,2.3800000000000097,1871.22,NEGATIVE,-0.4804757291016897,UP
2025-12-13 16:25:23.988839,117.65,118.39,114.82,118.72,7580,118.61800000000001,118.878,50.389242745930645,3.5700000000000074,1866.22,NEUTRAL,0.0,DOWN
2025-12-14 16:25:23.988839,118.97,120.92,116.86,118.56,8630,118.554,118.824,53.13432835820898,4.060000000000002,1871.02,NEUTRAL,0.0,UP
2025-12-15 16:25:23.988839,118.68,119.99,118.06,120.06,5303,118.54400000000001,118.95599999999999,61.04815864022666,1.9299999999999926,1869.01,POSITIVE,0.9216451937872933,UP
2025-12-16 16:25:23.988839,120.93,123.54,119.21,121.03,6987,119.15799999999999,119.054,57.165109034267935,4.3300000000000125,1873.63,NEGATIVE,-0.11953858687569674,DOWN
2025-12-17 16:25:23.988839,120.19,120.75,118.13,119.07,5831,119.48800000000001,119.048,52.84377249820012,2.6200000000000045,1876.5,POSITIVE,0.28068701963332593,DOWN
2025-12-18 16:25:23.988839,119.03,121.56,116.5,118.93,9994,119.53,119.074,49.356548069644255,5.060000000000002,1879.06,POSITIVE,0.9349642582092773,DOWN
2025-12-19 16:25:23.988839,118.09,118.89,117.63,116.24,9148,119.06599999999999,118.80999999999999,41.95624195624195,1.2600000000000051,1874.98,NEGATIVE,-0.18299048164118098,UP
2025-12-20 16:25:23.988839,116.42,117.56,116.06,117.33,3402,118.52000000000001,118.53200000000001,41.12271540469973,1.5,1871.67,NEGATIVE,-0.729284449916098,DOWN
2025-12-21 16:25:23.988839,116.44,117.15,114.31,114.81,8324,117.276,118.21700000000001,37.2340425531915,2.8400000000000034,1871.78,POSITIVE,0.9617695562663515,DOWN
2025-12-22 16:25:23.988839,114.82,114.94,113.75,112.94,9774,116.05,117.769,34.3698854337152,1.1899999999999977,1874.81,NEUTRAL,0.0,UP
2025-12-23 16:25:23.988839,113.46,116.32,112.05,114.97,7258,115.258,117.39399999999998,40.29776674937966,4.269999999999996,1874.31,NEGATIVE,-0.7979138085079347,UP
2025-12-24 16:25:23.988839,114.15,116.14,114.1,115.76,9914,115.16199999999999,117.11399999999999,38.96499238964995,2.0400000000000063,1872.46,NEUTRAL,0.0,UP
2025-12-25 16:25:23.988839,116.03,118.19,114.38,116.21,5489,114.93800000000002,116.729,45.141588006662964,3.8100000000000023,1872.77,NEUTRAL,0.0,UP
2025-12-26 16:25:23.988839,116.37,116.72,115.02,116.9,9967,115.356,116.316,48.568281938326,1.7000000000000028,1869.2,POSITIVE,0.5067068413003365,DOWN
2025-12-27 16:25:23.988839,117.3,119.98,114.4,115.38,2161,115.84400000000001,115.94699999999997,40.91403699673558,5.579999999999998,1871.39,POSITIVE,0.28691257417769767,DOWN
2025-12-28 16:25:23.988839,114.96,115.88,112.07,113.9,6090,115.63,115.444,38.172588832487335,3.8100000000000023,1875.29,NEUTRAL,0.0,DOWN
2025-12-29 16:25:23.988839,114.63,116.31,114.43,113.76,1095,115.22999999999999,115.196,32.82442748091606,1.8799999999999955,1880.16,NEUTRAL,0.0,UP
2025-12-30 16:25:23.988839,114.48,115.7,114.12,115.89,8169,115.16600000000001,115.05199999999999,36.820512820512825,1.5799999999999983,1884.05,POSITIVE,0.126957975151218,UP
2025-12-31 16:25:23.988839,116.68,118.13,116.24,118.26,1330,115.43800000000002,115.397,47.965846308387775,1.8900000000000006,1880.76,NEUTRAL,0.0,UP
2026-01-01 16:25:23.988839,119.08,121.25,117.14,118.5,9808,116.06199999999998,115.953,48.92553723138429,4.109999999999999,1880.8,POSITIVE,0.7949639346411814,UP
2026-01-02 16:25:23.988839,118.79,118.89,118.43,119.45,5398,117.172,116.40100000000002,58.7848932676519,0.45999999999999375,1878.55,POSITIVE,0.41044639751494605,UP
2026-01-03 16:25:23.988839,118.73,120.78,117.37,120.21,7851,118.46200000000002,116.84599999999998,58.026755852842804,3.4099999999999966,1877.41,NEGATIVE,-0.91284851731722,DOWN
2026-01-04 16:25:23.988839,119.82,119.95,118.79,118.4,5140,118.96399999999998,117.06500000000001,60.417875798026714,1.1599999999999966,1877.86,NEGATIVE,-0.6582917086781532,UP
2026-01-05 16:25:23.988839,118.33,119.17,117.77,119.74,9454,119.25999999999999,117.349,70.35928143712577,1.4000000000000057,1882.31,NEUTRAL,0.0,UP
2026-01-06 16:25:23.988839,120.03,121.57,118.99,120.61,8027,119.68199999999999,117.872,68.14671814671817,2.5799999999999983,1878.62,POSITIVE,0.35900842521500287,DOWN
2026-01-07 16:25:23.988839,120.43,120.86,117.74,120.42,4467,119.876,118.524,65.59571619812586,3.1200000000000045,1881.82,POSITIVE,0.9206385692980761,UP
2026-01-08 16:25:23.988839,120.56,123.32,118.4,121.58,3654,120.15,119.306,67.15654952076682,4.9199999999999875,1885.27,NEGATIVE,-0.4557780826254074,DOWN
2026-01-09 16:25:23.988839,122.19,124.91,119.37,121.47,3960,120.76399999999998,119.86399999999999,65.16257465162576,5.539999999999992,1886.35,NEGATIVE,-0.30902922247396486,DOWN
2026-01-10 16:25:23.988839,122.02,124.81,119.92,120.7,9824,120.95599999999999,120.10799999999999,68.5754189944135,4.890000000000001,1883.61,NEUTRAL,0.0,DOWN
2026-01-11 16:25:23.988839,120.72,122.23,118.37,118.77,3621,120.588,120.13499999999999,66.48612051455655,3.8599999999999994,1888.14,NEGATIVE,-0.3763208018682731,DOWN
2026-01-12 16:25:23.988839,118.82,121.16,118.14,118.52,9668,120.208,120.04199999999999,65.99462365591398,3.019999999999996,1887.23,POSITIVE,0.29042844717350386,DOWN
2026-01-13 16:25:23.988839,119.47,122.1,118.23,117.77,6111,119.446,119.798,56.96296296296296,3.8699999999999903,1890.16,NEGATIVE,-0.7163341600882969,UP
2026-01-14 16:25:23.988839,118.61,119.27,116.67,117.84,8805,118.72,119.742,48.124999999999986,2.5999999999999943,1886.61,NEUTRAL,0.0,DOWN
2026-01-15 16:25:23.988839,117.22,119.81,115.58,117.49,5882,118.078,119.51700000000001,45.53492484526965,4.230000000000004,1890.05,POSITIVE,0.8068681709593777,UP
2026-01-16 16:25:23.988839,117.99,119.25,117.99,119.68,5219,118.26000000000002,119.424,50.9163346613546,1.2600000000000051,1885.8,POSITIVE,0.9671989295910766,UP
2026-01-17 16:25:23.988839,118.91,120.91,117.95,119.87,3024,118.53,119.369,48.580968280467495,2.9599999999999937,1883.6,NEUTRAL,0.0,UP
2026-01-18 16:25:23.988839,119.91,120.72,118.57,121.74,6687,119.324,119.38500000000002,63.87043189368766,2.1500000000000057,1879.66,POSITIVE,0.20215891034769493,UP
2026-01-19 16:25:23.988839,121.33,121.75,118.74,121.99,1932,120.154,119.43700000000001,60.273972602739704,3.010000000000005,1880.92,NEGATIVE,-0.23917917239831535,UP
2026-01-20 16:25:23.988839,122.62,124.39,120.24,122.45,2768,121.146,119.612,58.72865275142314,4.150000000000006,1876.87,POSITIVE,0.6355597451600407,UP
2026-01-21 16:25:23.988839,122.95,125.88,121.23,123.62,3172,121.93400000000001,120.09700000000001,63.88888888888887,4.6499999999999915,1871.95,NEGATIVE,-0.4072191302558137,DOWN
2026-01-22 16:25:23.988839,123.05,123.91,120.93,122.34,8842,122.428,120.479,53.26460481099658,2.9799999999999898,1876.57,NEUTRAL,0.0,DOWN
2026-01-23 16:25:23.988839,121.34,124.16,119.28,119.5,7977,121.97999999999999,120.652,43.1454418928323,4.8799999999999955,1879.38,NEUTRAL,0.0,DOWN
2026-01-24 16:25:23.988839,120.31,120.41,118.0,118.67,9989,121.316,120.73499999999999,42.96604296604298,2.4099999999999966,1878.11,NEUTRAL,0.0,DOWN
2026-01-25 16:25:23.988839,118.43,120.89,117.61,116.51,3414,120.128,120.63699999999999,42.291950886766756,3.280000000000001,1881.1,NEUTRAL,0.0,DOWN
2026-01-26 16:25:23.988839,115.57,117.18,113.59,114.49,6140,118.30199999999999,120.11800000000001,37.7358490566038,3.5900000000000034,1880.96,NEUTRAL,0.0,DOWN
